Test_Case,Load_Time(Minutes),Load_Time(Seconds), Samples,Average,Min,Max,Std. Dev.,Error %,Throughput,Received KB/sec,Sent KB/sec,Avg. Bytes
Load_test_001,1,60,166,825,743,1340,69.65,0.00%,2.7508,4.19,0.36,1561.2
Load_test_002,10,600,1666,823,743,3119,90.98,0.00%,2.77597,4.23,0.36,1560.6
Load_test_003,20,1200,3333,983,498,6380,830.24,0.12%,2.77685,4.24,0.36,1562.5
Load_test_004,30,1800,5000,997,489,6689,793.23,1.64%,2.78582,4.3,0.36,1586.7
Load_test_005,25,2100,5000,1286,765,8845,1061.97,0.00%,2.38087,3.63,0.31,1560.3
Load_test_006,32,1920,5000,968,766,9710,522.28,0.00%,2.60354,3.97,0.34,1560.2
Load_test_007,31,1860,5000,899,764,7657,408.92,0.00%,2.68759,4.1,0.35,1560.3